{
  "run_name": "nq10_bond1",
  "n_qubits": 10,
  "bond_dim": 1,
  "loss_history": [
    0.5000000001593707,
    0.5000000470143589,
    0.4999999729069797,
    0.5000000020718192,
    0.5000000063748283
  ],
  "knn_accuracy": 0.08749999850988388
}