{
  "run_name": "nq10_bond6",
  "n_qubits": 10,
  "bond_dim": 6,
  "loss_history": [
    0.18371010870538293,
    0.1394411966124958,
    0.12511610056467873,
    0.11626906318460556,
    0.11237843187256931
  ],
  "knn_accuracy": 0.8569999933242798
}