{
  "run_name": "nq10_bond10",
  "n_qubits": 10,
  "bond_dim": 10,
  "loss_history": [
    0.15960444613574024,
    0.12244644334768867,
    0.10961373867516849,
    0.10299465271400259,
    0.09506927020250157
  ],
  "knn_accuracy": 0.9014999866485596
}