{
  "run_name": "nq10_bond18",
  "n_qubits": 10,
  "bond_dim": 18,
  "loss_history": [
    0.17177075753237475,
    0.11929129287202091,
    0.10433027148246765,
    0.09067000649909285,
    0.0840359284557442
  ],
  "knn_accuracy": 0.9079999923706055
}