{
  "run_name": "nq10_bond12",
  "n_qubits": 10,
  "bond_dim": 12,
  "loss_history": [
    0.16686293638166896,
    0.12039302612211615,
    0.10740987582002731,
    0.09701857122189221,
    0.09072893756357106
  ],
  "knn_accuracy": 0.8955000042915344
}