{
  "run_name": "nq10_bond20",
  "n_qubits": 10,
  "bond_dim": 20,
  "loss_history": [
    0.1585131388376741,
    0.11116304646998165,
    0.09426252494122893,
    0.08543874618203882,
    0.0799334543672475
  ],
  "knn_accuracy": 0.9240000247955322
}