{
  "run_name": "nq10_bond8",
  "n_qubits": 10,
  "bond_dim": 8,
  "loss_history": [
    0.18935019204163933,
    0.1337908486870521,
    0.11590059045801826,
    0.10930512522790521,
    0.102567193422088
  ],
  "knn_accuracy": 0.8794999718666077
}