{
  "run_name": "nq10_bond2",
  "n_qubits": 10,
  "bond_dim": 2,
  "loss_history": [
    0.22783263776710327,
    0.18710024168784606,
    0.18020961377869316,
    0.17714078437517033,
    0.17235542224212128
  ],
  "knn_accuracy": 0.5550000071525574
}