{
  "run_name": "nq10_bond4",
  "n_qubits": 10,
  "bond_dim": 4,
  "loss_history": [
    0.19336102998511676,
    0.15573178438898078,
    0.1438000482671401,
    0.13382997666610116,
    0.1295347089435965
  ],
  "knn_accuracy": 0.8025000095367432
}