{
  "run_name": "nq10_bond14",
  "n_qubits": 10,
  "bond_dim": 14,
  "loss_history": [
    0.15981584803305846,
    0.11645434159327318,
    0.09832071467118467,
    0.09199428116095895,
    0.08286186955112188
  ],
  "knn_accuracy": 0.906000018119812
}