{
  "run_name": "nq10_bond16",
  "n_qubits": 10,
  "bond_dim": 16,
  "loss_history": [
    0.16326539919656866,
    0.11666253085601776,
    0.10263497342559744,
    0.0916357689641695,
    0.08176000219057589
  ],
  "knn_accuracy": 0.9100000262260437
}