{
  "run_name": "nq12_bond4",
  "n_qubits": 12,
  "bond_dim": 4,
  "loss_history": [
    0.20063920821098083,
    0.150323028113434,
    0.13824588877153907,
    0.1304829235781323,
    0.12715826526204532
  ],
  "knn_accuracy": 0.8115000128746033
}