{
  "run_name": "nq12_bond2",
  "n_qubits": 12,
  "bond_dim": 2,
  "loss_history": [
    0.21617372206506882,
    0.18097985727104912,
    0.171283601798157,
    0.16858362231184454,
    0.16612219061443512
  ],
  "knn_accuracy": 0.531499981880188
}