{
  "run_name": "nq12_bond8",
  "n_qubits": 12,
  "bond_dim": 8,
  "loss_history": [
    0.1764750282235324,
    0.13045413473391915,
    0.11545690097273352,
    0.11000557753810271,
    0.10224263378005614
  ],
  "knn_accuracy": 0.8895000219345093
}