{
  "run_name": "nq12_bond18",
  "n_qubits": 12,
  "bond_dim": 18,
  "loss_history": [
    0.1676457658569443,
    0.12159158847230003,
    0.10377130350645851,
    0.09440136119165522,
    0.08591841770844026
  ],
  "knn_accuracy": 0.9175000190734863
}