{
  "run_name": "nq12_bond1",
  "n_qubits": 12,
  "bond_dim": 1,
  "loss_history": [
    0.5000000001593707,
    0.5000000302804345,
    0.5000000041436384,
    0.5000000135465101,
    0.49999998693160197
  ],
  "knn_accuracy": 0.08749999850988388
}