{
  "run_name": "nq12_bond16",
  "n_qubits": 12,
  "bond_dim": 16,
  "loss_history": [
    0.1715723594082868,
    0.11980631736351206,
    0.1054017576065293,
    0.09704869515436856,
    0.08827282803103248
  ],
  "knn_accuracy": 0.9079999923706055
}