{
  "run_name": "nq12_bond20",
  "n_qubits": 12,
  "bond_dim": 20,
  "loss_history": [
    0.1580007503376925,
    0.11265220397455807,
    0.09376056625801611,
    0.08264983923518084,
    0.07590329324338525
  ],
  "knn_accuracy": 0.9275000095367432
}