{
  "run_name": "nq12_bond6",
  "n_qubits": 12,
  "bond_dim": 6,
  "loss_history": [
    0.18760444570512058,
    0.13753966736124162,
    0.1250366891689479,
    0.11765237825917688,
    0.11190452454561856
  ],
  "knn_accuracy": 0.8665000200271606
}