{
  "run_name": "nq12_bond12",
  "n_qubits": 12,
  "bond_dim": 12,
  "loss_history": [
    0.17853946553513328,
    0.12733616544441742,
    0.11317172630585451,
    0.10485717751842769,
    0.09627866509923323
  ],
  "knn_accuracy": 0.8995000123977661
}