{
  "run_name": "nq12_bond14",
  "n_qubits": 12,
  "bond_dim": 14,
  "loss_history": [
    0.1614480367637573,
    0.1215291796600755,
    0.1064832597413165,
    0.09544860121400599,
    0.08812045339833606
  ],
  "knn_accuracy": 0.906000018119812
}