{
  "run_name": "nq12_bond10",
  "n_qubits": 12,
  "bond_dim": 10,
  "loss_history": [
    0.16543363472994635,
    0.12721611427910187,
    0.10881550044299447,
    0.10136231417483825,
    0.09443603734919094
  ],
  "knn_accuracy": 0.9010000228881836
}