{
  "run_name": "nq4_bond16",
  "n_qubits": 4,
  "bond_dim": 16,
  "loss_history": [
    0.23904205121660746,
    0.2286073313925856,
    0.217893206464347,
    0.20912513313114003,
    0.21986939461641414,
    0.21009566450631748,
    0.20057132151178134,
    0.1894068673092832,
    0.1725621481416046,
    0.17262461116557481
  ],
  "knn_accuracy": 0.722000002861023
}