{
  "run_name": "nq4_bond18",
  "n_qubits": 4,
  "bond_dim": 18,
  "loss_history": [
    0.2577858413419416,
    0.24050878741407908,
    0.2299911041734039,
    0.22405042218905624,
    0.2161342336605954,
    0.2075346985491373,
    0.20039635720432444,
    0.18690484762191772,
    0.17668226297183703,
    0.17830621659435253
  ],
  "knn_accuracy": 0.7300000190734863
}