{
  "run_name": "nq4_bond6",
  "n_qubits": 4,
  "bond_dim": 6,
  "loss_history": [
    0.26860884777320326,
    0.2345229108487406,
    0.23799711353676292,
    0.22769729152161589,
    0.2341640067677344,
    0.22718562602355916,
    0.21935128284397945,
    0.2137481842630653,
    0.20651193171419124,
    0.2068951799664446
  ],
  "knn_accuracy": 0.6179999709129333
}