{
  "run_name": "nq4_bond1",
  "n_qubits": 4,
  "bond_dim": 1,
  "loss_history": [
    0.500000016022754,
    0.4999999945522636,
    0.5000000012818203,
    0.5000000054477364,
    0.5000000067295567,
    0.5000000054477364,
    0.5000000205091251,
    0.5000000025636406,
    0.5000000012818203,
    0.4999999935908984
  ],
  "knn_accuracy": 0.08749999850988388
}