{
  "run_name": "nq4_bond14",
  "n_qubits": 4,
  "bond_dim": 14,
  "loss_history": [
    0.24117917383229862,
    0.23778786886763828,
    0.23037909644265328,
    0.21609935036269567,
    0.2105550649025107,
    0.20141641330975357,
    0.19314161567918717,
    0.19170292394776497,
    0.18136711082150858,
    0.1733919527902398
  ],
  "knn_accuracy": 0.7490000128746033
}