{
  "run_name": "nq4_bond12",
  "n_qubits": 4,
  "bond_dim": 12,
  "loss_history": [
    0.25999302409028496,
    0.2505431742437424,
    0.23211223640108622,
    0.22307101084340003,
    0.21625127362948593,
    0.2086019653786895,
    0.19845261528927793,
    0.19053020256180916,
    0.18906442083979166,
    0.1951315052086307
  ],
  "knn_accuracy": 0.7739999890327454
}