{
  "run_name": "nq4_bond2",
  "n_qubits": 4,
  "bond_dim": 2,
  "loss_history": [
    0.26806657320709637,
    0.24610508866207573,
    0.24086779516230347,
    0.24082952962126783,
    0.2375437157448902,
    0.23731422937044533,
    0.2474089280892444,
    0.2403798545560529,
    0.24110585050557248,
    0.24023023151582287
  ],
  "knn_accuracy": 0.45399999618530273
}