{
  "run_name": "nq4_bond10",
  "n_qubits": 4,
  "bond_dim": 10,
  "loss_history": [
    0.23119715416944156,
    0.22110792433702817,
    0.21739496819434628,
    0.2110930130045901,
    0.19374658888386143,
    0.19363183936765116,
    0.1896615287949962,
    0.1867609360525685,
    0.1824879655914922,
    0.17289424455294045
  ],
  "knn_accuracy": 0.7519999742507935
}