{
  "run_name": "nq4_bond8",
  "n_qubits": 4,
  "bond_dim": 8,
  "loss_history": [
    0.24087856725979878,
    0.2364357841271226,
    0.22987570781861583,
    0.22548071399170866,
    0.22193059373286464,
    0.2121812137224341,
    0.2097632795251826,
    0.19430052865577,
    0.20232833921909332,
    0.1942817969347841
  ],
  "knn_accuracy": 0.7085000276565552
}