{
  "run_name": "nq4_bond4",
  "n_qubits": 4,
  "bond_dim": 4,
  "loss_history": [
    0.248210308532561,
    0.23815236280682267,
    0.24838173645798878,
    0.2500307116136756,
    0.2380859943166856,
    0.22939461373513745,
    0.21907518163163175,
    0.2146110640418145,
    0.21291759065402452,
    0.21647095952623635
  ],
  "knn_accuracy": 0.6460000276565552
}