{
  "run_name": "nq4_bond20",
  "n_qubits": 4,
  "bond_dim": 20,
  "loss_history": [
    0.2398421501600614,
    0.24439173536275022,
    0.25433463435019216,
    0.23744724210231535,
    0.2176574441373989,
    0.19490271454216332,
    0.18914166910033073,
    0.1775087566785915,
    0.1765725229696561,
    0.17208861711845602
  ],
  "knn_accuracy": 0.7710000276565552
}