{
  "run_name": "nq8_bond12",
  "n_qubits": 8,
  "bond_dim": 12,
  "loss_history": [
    0.17368129777011052,
    0.12842126855606673,
    0.11170467405870396,
    0.10412785731336122,
    0.0949514921634428,
    0.09055555131166212,
    0.08523426204919815,
    0.08018261787071022,
    0.07953882509822487,
    0.07491199776370039
  ],
  "knn_accuracy": 0.9089999794960022
}