{
  "run_name": "nq8_bond14",
  "n_qubits": 8,
  "bond_dim": 14,
  "loss_history": [
    0.17823559206019166,
    0.12202754336339171,
    0.10555086300898624,
    0.09717525421611724,
    0.09070337571764506,
    0.08347667108780595,
    0.07896967640807552,
    0.07351064233369725,
    0.07025850464099197,
    0.06874560116119283
  ],
  "knn_accuracy": 0.9294999837875366
}