{
  "run_name": "nq8_bond6",
  "n_qubits": 8,
  "bond_dim": 6,
  "loss_history": [
    0.21947922549581014,
    0.15422819562817133,
    0.13700217232909254,
    0.12812296998116277,
    0.12083680535195976,
    0.11714609848555699,
    0.1125383595785787,
    0.11149785627600967,
    0.11031888473418451,
    0.10631972158788353
  ],
  "knn_accuracy": 0.8414999842643738
}