{
  "run_name": "nq8_bond20",
  "n_qubits": 8,
  "bond_dim": 20,
  "loss_history": [
    0.16795569698336305,
    0.11606302400750498,
    0.09692239136465135,
    0.08699555811221882,
    0.07950530089037393,
    0.073465770611199,
    0.0705170797244195,
    0.0643816176120953,
    0.06138638839606316,
    0.05774125841356093
  ],
  "knn_accuracy": 0.9440000057220459
}