{
  "run_name": "nq8_bond2",
  "n_qubits": 8,
  "bond_dim": 2,
  "loss_history": [
    0.23180485749116508,
    0.19046082339620077,
    0.1798920226033016,
    0.1727987764984049,
    0.172131541275209,
    0.16955248979471063,
    0.16821806004611395,
    0.16549866221925263,
    0.16583430983366504,
    0.16199345061535475
  ],
  "knn_accuracy": 0.5625
}