{
  "run_name": "nq8_bond4",
  "n_qubits": 8,
  "bond_dim": 4,
  "loss_history": [
    0.21921115248434006,
    0.16766908059837998,
    0.15069875153162146,
    0.13731625267574865,
    0.12873452252918674,
    0.12636378343387317,
    0.12113101315754717,
    0.11765500013866732,
    0.11710622089524422,
    0.11496927597189463
  ],
  "knn_accuracy": 0.8169999718666077
}