{
  "run_name": "nq8_bond18",
  "n_qubits": 8,
  "bond_dim": 18,
  "loss_history": [
    0.1775462435137841,
    0.1222885676449345,
    0.10563661510585456,
    0.09302348687603909,
    0.08533398674861077,
    0.08050506177448458,
    0.07234993897458558,
    0.06859593237600019,
    0.06737695826638129,
    0.06431790673604576
  ],
  "knn_accuracy": 0.9309999942779541
}