{
  "run_name": "nq8_bond10",
  "n_qubits": 8,
  "bond_dim": 10,
  "loss_history": [
    0.1676803023744655,
    0.12496798581654026,
    0.11252060644729163,
    0.10081506424373196,
    0.09423663306941268,
    0.08928916931793254,
    0.0846401717393629,
    0.07968409768035335,
    0.0796188494611171,
    0.07234983218293037
  ],
  "knn_accuracy": 0.9164999723434448
}