{
  "run_name": "nq8_bond16",
  "n_qubits": 8,
  "bond_dim": 16,
  "loss_history": [
    0.17437029325513428,
    0.12402123405087379,
    0.1084617476469727,
    0.10034321152394818,
    0.08725726824774536,
    0.08052898506804179,
    0.07701928681263359,
    0.0754226673274271,
    0.06769628065728373,
    0.06694570372021326
  ],
  "knn_accuracy": 0.9309999942779541
}