{
  "run_name": "nq8_bond8",
  "n_qubits": 8,
  "bond_dim": 8,
  "loss_history": [
    0.19125216157846553,
    0.13791542812701194,
    0.12102627537904247,
    0.11762754643155683,
    0.10911301283105727,
    0.10389348471997886,
    0.09867589199735273,
    0.09315444657238581,
    0.09257146996516054,
    0.09098768025957128
  ],
  "knn_accuracy": 0.8765000104904175
}