{
  "run_name": "nq8_bond1",
  "n_qubits": 8,
  "bond_dim": 1,
  "loss_history": [
    0.4999999983977246,
    0.5000000096136524,
    0.4999999923090781,
    0.49999997756814446,
    0.5000000121772931,
    0.5000000128182032,
    0.49999999743635937,
    0.49999995737947445,
    0.4999999810931503,
    0.4999999923090781
  ],
  "knn_accuracy": 0.08749999850988388
}