{
  "n_qubits": 10,
  "bond_dim": 6,
  "train_samples": 12000,
  "test_samples": 2000,
  "num_epochs": 5,
  "batch_size": 64,
  "knn_k": 5,
  "knn_accuracy": 0.8569999933242798,
  "final_train_loss": 0.11237843187256931
}