{
  "n_qubits": 10,
  "bond_dim": 1,
  "train_samples": 12000,
  "test_samples": 2000,
  "num_epochs": 5,
  "batch_size": 64,
  "knn_k": 5,
  "knn_accuracy": 0.08749999850988388,
  "final_train_loss": 0.5000000063748283
}