{
  "n_qubits": 10,
  "bond_dim": 4,
  "train_samples": 12000,
  "test_samples": 2000,
  "num_epochs": 5,
  "batch_size": 64,
  "knn_k": 5,
  "knn_accuracy": 0.8025000095367432,
  "final_train_loss": 0.1295347089435965
}