{
  "n_qubits": 10,
  "bond_dim": 10,
  "train_samples": 12000,
  "test_samples": 2000,
  "num_epochs": 5,
  "batch_size": 64,
  "knn_k": 5,
  "knn_accuracy": 0.9014999866485596,
  "final_train_loss": 0.09506927020250157
}