{
  "n_qubits": 10,
  "bond_dim": 8,
  "train_samples": 12000,
  "test_samples": 2000,
  "num_epochs": 5,
  "batch_size": 64,
  "knn_k": 5,
  "knn_accuracy": 0.8794999718666077,
  "final_train_loss": 0.102567193422088
}