{
  "n_qubits": 12,
  "bond_dim": 10,
  "train_samples": 12000,
  "test_samples": 2000,
  "num_epochs": 5,
  "batch_size": 64,
  "knn_k": 5,
  "knn_accuracy": 0.9010000228881836,
  "final_train_loss": 0.09443603734919094
}