{
  "n_qubits": 12,
  "bond_dim": 12,
  "train_samples": 12000,
  "test_samples": 2000,
  "num_epochs": 5,
  "batch_size": 64,
  "knn_k": 5,
  "knn_accuracy": 0.8995000123977661,
  "final_train_loss": 0.09627866509923323
}