{
  "n_qubits": 4,
  "bond_dim": 16,
  "train_samples": 12000,
  "test_samples": 2000,
  "num_epochs": 10,
  "batch_size": 128,
  "knn_k": 5,
  "knn_accuracy": 0.722000002861023,
  "final_train_loss": 0.17262461116557481
}