{
  "n_qubits": 4,
  "bond_dim": 8,
  "train_samples": 12000,
  "test_samples": 2000,
  "num_epochs": 10,
  "batch_size": 128,
  "knn_k": 5,
  "knn_accuracy": 0.7085000276565552,
  "final_train_loss": 0.1942817969347841
}