{
  "n_qubits": 4,
  "bond_dim": 4,
  "train_samples": 12000,
  "test_samples": 2000,
  "num_epochs": 10,
  "batch_size": 128,
  "knn_k": 5,
  "knn_accuracy": 0.6460000276565552,
  "final_train_loss": 0.21647095952623635
}