{
  "n_qubits": 4,
  "bond_dim": 12,
  "train_samples": 12000,
  "test_samples": 2000,
  "num_epochs": 10,
  "batch_size": 128,
  "knn_k": 5,
  "knn_accuracy": 0.7739999890327454,
  "final_train_loss": 0.1951315052086307
}