{
  "n_qubits": 4,
  "bond_dim": 10,
  "train_samples": 12000,
  "test_samples": 2000,
  "num_epochs": 10,
  "batch_size": 128,
  "knn_k": 5,
  "knn_accuracy": 0.7519999742507935,
  "final_train_loss": 0.17289424455294045
}