{
  "n_qubits": 4,
  "bond_dim": 6,
  "train_samples": 12000,
  "test_samples": 2000,
  "num_epochs": 10,
  "batch_size": 128,
  "knn_k": 5,
  "knn_accuracy": 0.6179999709129333,
  "final_train_loss": 0.2068951799664446
}