{
  "n_qubits": 8,
  "bond_dim": 6,
  "train_samples": 12000,
  "test_samples": 2000,
  "num_epochs": 10,
  "batch_size": 128,
  "knn_k": 5,
  "knn_accuracy": 0.8414999842643738,
  "final_train_loss": 0.10631972158788353
}