{
  "n_qubits": 8,
  "bond_dim": 8,
  "train_samples": 12000,
  "test_samples": 2000,
  "num_epochs": 10,
  "batch_size": 128,
  "knn_k": 5,
  "knn_accuracy": 0.8765000104904175,
  "final_train_loss": 0.09098768025957128
}