n_qubits,bond_dim,train_samples,test_samples,num_epochs,batch_size,knn_k,knn_accuracy,final_train_loss
4,1,12000,2000,5,64,5,0.08749999850988388,0.49999998310670496
4,4,12000,2000,5,64,5,0.5954999923706055,0.20916326606974883
8,1,12000,2000,5,64,5,0.08749999850988388,0.49999999713132726
8,4,12000,2000,5,64,5,0.781499981880188,0.12207307722319893
