{
  "run_name": "nq4_bond1",
  "n_qubits": 4,
  "bond_dim": 1,
  "loss_history": [
    0.49999999936251716,
    0.5000000009562242,
    0.5000000012749657,
    0.5000000025499314,
    0.49999998310670496
  ],
  "knn_accuracy": 0.08749999850988388
}