{
  "run_name": "nq4_bond4",
  "n_qubits": 4,
  "bond_dim": 4,
  "loss_history": [
    0.24038978646145784,
    0.22474567201685777,
    0.21019804995646452,
    0.2104417466543575,
    0.20916326606974883
  ],
  "knn_accuracy": 0.5954999923706055
}