{
  "run_name": "nq4_bond1",
  "n_qubits": 4,
  "bond_dim": 1,
  "loss_history": [
    0.5000000052592334,
    0.5000000007968536,
    0.5000000092435011,
    0.5000000111559496,
    0.49999999537824946,
    0.49999999330643025,
    0.5000000084466475,
    0.49999999904377573,
    0.5000000004781121,
    0.5000000146621051,
    0.4999999998406293,
    0.5000000086060182,
    0.5000000132277688,
    0.49999999681258583,
    0.4999999956969909,
    0.5000000041436384,
    0.49999999840629294,
    0.5000000046217505,
    0.5000000106778374,
    0.5000000079685354
  ],
  "knn_accuracy": 0.08749999850988388
}