{
  "run_name": "nq8_bond4",
  "n_qubits": 8,
  "bond_dim": 4,
  "loss_history": [
    0.19308199076091542,
    0.146155329590494,
    0.13561765773889214,
    0.1298769927598576,
    0.12207307722319893
  ],
  "knn_accuracy": 0.781499981880188
}