{
  "run_name": "nq8_bond1",
  "n_qubits": 8,
  "bond_dim": 1,
  "loss_history": [
    0.5000000044623798,
    0.5000000127496567,
    0.49999999362517167,
    0.49999999681258583,
    0.49999999713132726
  ],
  "knn_accuracy": 0.08749999850988388
}